gradient_wrt_Variable:0/relu__grad/x,where,190157789,

gradient_wrt_Variable:0/relu__1_grad/x,where,182924678,

gradient_wrt_Variable:0/relu__2_grad/x,where,175039492,

gradient_wrt_Variable:0/relu__3_grad/x,where,96670437,

gradient_wrt_Variable_2:0/relu__grad/x,where,93269945,

gradient_wrt_Variable_3:0/relu__1_grad/x,where,88079595,

gradient_wrt_Variable_2:0/relu__1_grad/x,where,87942208,

gradient_wrt_Variable_4:0/relu__1_grad/x,where,87764608,

gradient_wrt_Variable_5:0/relu__2_grad/x,where,83639534,

gradient_wrt_Variable_6:0/relu__2_grad/x,where,83636969,

gradient_wrt_Variable_3:0/relu__2_grad/x,where,82923308,

gradient_wrt_Variable_2:0/relu__2_grad/x,where,82819465,

gradient_wrt_Variable_4:0/relu__2_grad/x,where,82564990,

Variable_4:0/Adam,variable_v2,35807634,

Placeholder,placeholder,25373944,

Variable_6:0/Adam,variable_v2,18773604,

gradient_wrt_Variable:0/mean_grad/case,case,16757243,

softmax_cross_entropy_with_logits/index,index,14301944,

Variable_9:0,variable_v2,10381181,

gradient_wrt_Variable_7:0/relu__3_grad/x,where,7231798,

gradient_wrt_Variable_6:0/relu__3_grad/x,where,7148583,

gradient_wrt_Variable_4:0/relu__3_grad/x,where,7041352,

gradient_wrt_Variable_3:0/relu__3_grad/x,where,6873089,

gradient_wrt_Variable_5:0/relu__3_grad/x,where,6829487,

gradient_wrt_Variable_8:0/relu__3_grad/x,where,6798279,

gradient_wrt_Variable_2:0/relu__3_grad/x,where,6758625,

Variable_2:0/Adam,variable_v2,5160675,

Variable_7:0/Adam_1,variable_v2,2337720,

Variable_7:0/Adam,variable_v2,2273149,

gradient_wrt_Variable_4:0/mean_grad/case,case,2096981,

Variable_7:0,variable_v2,2089577,

gradient_wrt_Variable_7:0/mean_grad/case,case,2073507,

gradient_wrt_Variable_5:0/mean_grad/case,case,1827649,

gradient_wrt_Variable_3:0/mean_grad/case,case,1771955,

gradient_wrt_Variable_2:0/mean_grad/case,case,1764852,

gradient_wrt_Variable_9:0/mean_grad/case,case,1752689,

gradient_wrt_Variable_6:0/mean_grad/case,case,1742991,

gradient_wrt_Variable_8:0/mean_grad/case,case,1734865,

gradient_wrt_Variable:0/conv2d_2_grad/index,index,1647002,

gradient_wrt_Variable_10:0/mean_grad/case,case,1554479,

Variable_4:0,variable_v2,1428424,

gradient_wrt_Variable_2:0/relu__grad/zeros,zeros,1257295,

gradient_wrt_Variable:0/relu__grad/zeros,zeros,1254710,

gradient_wrt_Variable_5:0/conv2d_2_grad/index_1,index,1224684,

gradient_wrt_Variable_2:0/conv2d_2_grad/index,index,1212612,

gradient_wrt_Variable_4:0/conv2d_2_grad/index,index,1203274,

Variable_8:0,variable_v2,1199928,

gradient_wrt_Variable_3:0/conv2d_2_grad/index,index,1167117,

gradient_wrt_Variable:0/conv2d_1_grad/index,index,1048325,

gradient_wrt_Variable_3:0/reshape_1_grad/reshape,reshape,836410,

gradient_wrt_Variable:0/reshape_1_grad/reshape,reshape,810001,

Variable_2:0,variable_v2,801264,

gradient_wrt_Variable_2:0/conv2d_1_grad/index,index,791697,

gradient_wrt_Variable_4:0/reshape_1_grad/reshape,reshape,791195,

gradient_wrt_Variable_6:0/reshape_1_grad/reshape,reshape,777730,

gradient_wrt_Variable_3:0/conv2d_1_grad/index_1,index,777520,

gradient_wrt_Variable_5:0/reshape_1_grad/reshape,reshape,725874,

gradient_wrt_Variable_2:0/reshape_1_grad/reshape,reshape,710746,

gradient_wrt_Variable_2:0/add_3_grad/index,index,678796,

gradient_wrt_Variable_8:0/add_3_grad/index_1,index,641747,

gradient_wrt_Variable_4:0/add_3_grad/index,index,620457,

gradient_wrt_Variable_7:0/add_3_grad/index,index,606542,

gradient_wrt_Variable_2:0/add_grad/add/reduce_sum_y,sum,604708,

gradient_wrt_Variable_3:0/add_3_grad/index,index,594489,

gradient_wrt_Variable:0/add_1_grad/index,index,594279,

gradient_wrt_Variable_5:0/add_3_grad/index,index,590070,

gradient_wrt_Variable_6:0/add_3_grad/index,index,590021,

gradient_wrt_Variable_7:0/add_4_grad/index,index,568129,

gradient_wrt_Variable_5:0/add_4_grad/index,index,560506,

gradient_wrt_Variable:0/add_3_grad/index,index,556187,

gradient_wrt_Variable_3:0/add_1_grad/index,index,550176,

Adam/assign,assign,549555,

gradient_wrt_Variable_2:0/add_grad/index_1,index,548112,

gradient_wrt_Variable:0/relu__grad/sum,sum,545989,

gradient_wrt_Variable:0/add_4_grad/index,index,541490,

gradient_wrt_Variable_4:0/add_2_grad/index,index,539025,

gradient_wrt_Variable_3:0/add_4_grad/index,index,535488,

Variable_6:0,variable_v2,533595,

gradient_wrt_Variable_3:0/add_2_grad/index,index,527563,

gradient_wrt_Variable_8:0/add_4_grad/index,index,523747,

gradient_wrt_Variable_6:0/add_4_grad/index,index,523095,

gradient_wrt_Variable_2:0/add_1_grad/index,index,520621,

gradient_wrt_Variable_2:0/add_2_grad/index,index,516083,

gradient_wrt_Variable:0/add_grad/index,index,513578,

gradient_wrt_Variable_6:0/add_2_grad/index_1,index,511354,

gradient_wrt_Variable_2:0/relu__1_grad/zeros,zeros,509931,

gradient_wrt_Variable_4:0/add_1_grad/index_1,index,509390,

gradient_wrt_Variable_4:0/relu__1_grad/zeros,zeros,506805,

gradient_wrt_Variable_5:0/add_2_grad/index,index,506715,

gradient_wrt_Variable_2:0/add_4_grad/index,index,489393,

gradient_wrt_Variable_2:0/relu__grad/sum,sum,458525,

gradient_wrt_Variable:0/add_grad/add/reduce_sum_x,sum,448897,

gradient_wrt_Variable_3:0/relu__1_grad/zeros,zeros,446152,

gradient_wrt_Variable_9:0/add_4_grad/index,index,434661,

gradient_wrt_Variable:0/add_2_grad/index,index,431104,

gradient_wrt_Variable:0/relu__1_grad/zeros,zeros,426796,

Placeholder_2,placeholder,424151,

gradient_wrt_Variable_10:0/add_4_grad/index_1,index,418701,

gradient_wrt_Variable:0/conv2d_grad/index_1,index,378315,

gradient_wrt_Variable_4:0/add_4_grad/index,index,378186,

gradient_wrt_Variable_3:0/relu__2_grad/index,index,370360,

Adam/assign_1,assign,368878,

Variable_9:0/Adam,variable_v2,366764,

gradient_wrt_Variable:0/relu__grad/reshape,reshape,363408,

gradient_wrt_Variable_4:0/add_1_grad/add/reduce_sum_y,sum,362747,

gradient_wrt_Variable_2:0/relu__grad/reshape,reshape,361193,

gradient_wrt_Variable_2:0/conv2d_1_grad/conv2d_backprop_input,conv2d_backprop_input,349622,

gradient_wrt_Variable_4:0/relu__3_grad/index,index,348400,

gradient_wrt_Variable:0/add_grad/reshape,reshape,345986,

gradient_wrt_Variable:0/conv2d_grad/conv2d_backprop_filter,conv2d_backprop_filter,332661,

Variable_5:0,variable_v2,331068,

gradient_wrt_Variable:0/conv2d_1_grad/conv2d_backprop_input,conv2d_backprop_input,329414,

gradient_wrt_Variable_6:0/relu__2_grad/index,index,329154,

gradient_wrt_Variable_2:0/conv2d_2_grad/conv2d_backprop_input,conv2d_backprop_input,320557,

gradient_wrt_Variable_4:0/relu__1_grad/index,index,318874,

gradient_wrt_Variable_8:0/relu__3_grad/index,index,318353,

gradient_wrt_Variable_4:0/relu__2_grad/sum,sum,317773,

gradient_wrt_Variable_6:0/relu__3_grad/index,index,317763,

gradient_wrt_Variable_5:0/relu__2_grad/index,index,311911,

gradient_wrt_Variable_3:0/relu__1_grad/sum,sum,308025,

gradient_wrt_Variable:0/relu__grad/index,index,307975,

gradient_wrt_Variable:0/relu__1_grad/sum,sum,307814,

gradient_wrt_Variable_2:0/relu__1_grad/index,index,306511,

Variable_5:0/Adam,variable_v2,304507,

gradient_wrt_Variable:0/relu__3_grad/index,index,302674,

gradient_wrt_Variable_7:0/relu__3_grad/index,index,300130,

Variable_10:0,variable_v2,299910,

gradient_wrt_Variable_5:0/relu__3_grad/index,index,297114,

gradient_wrt_Variable_3:0/relu__3_grad/index,index,296813,

gradient_wrt_Variable:0/relu__1_grad/index,index,294238,

gradient_wrt_Variable_2:0/relu__3_grad/index,index,292525,

gradient_wrt_Variable:0/relu__2_grad/index,index,292305,

gradient_wrt_Variable_2:0/relu__1_grad/sum,sum,289911,

gradient_wrt_Variable:0/add_1_grad/add/reduce_sum_x,sum,289581,

softmax_cross_entropy_with_logits/softmax_cross_entropy_with_logits_v2,softmax_cross_entropy_with_logits_v2,285913,

gradient_wrt_Variable_2:0/add_1_grad/add/reduce_sum_x,sum,283889,

gradient_wrt_Variable_4:0/relu__1_grad/sum,sum,282887,

gradient_wrt_Variable_3:0/add_1_grad/add/reduce_sum_x,sum,282397,

gradient_wrt_Variable_5:0/conv2d_2_grad/conv2d_backprop_filter,conv2d_backprop_filter,281385,

gradient_wrt_Variable_4:0/relu__2_grad/index,index,275965,

gradient_wrt_Variable_2:0/relu__grad/index,index,273510,

gradient_wrt_Variable:0/add_1_grad/reshape,reshape,271316,

gradient_wrt_Variable:0/relu__1_grad/reshape,reshape,269412,

gradient_wrt_Variable_3:0/conv2d_1_grad/conv2d_backprop_filter,conv2d_backprop_filter,269312,

Variable_3:0/Adam,variable_v2,267018,

gradient_wrt_Variable_4:0/conv2d_2_grad/conv2d_backprop_input,conv2d_backprop_input,266467,

gradient_wrt_Variable_3:0/conv2d_2_grad/conv2d_backprop_input,conv2d_backprop_input,265685,

gradient_wrt_Variable_2:0/relu__2_grad/index,index,262830,

gradient_wrt_Variable_4:0/mat_mul_grad/mat_mul,mat_mul,261347,

gradient_wrt_Variable:0/conv2d_2_grad/conv2d_backprop_input,conv2d_backprop_input,250007,

gradient_wrt_Variable:0/mat_mul_grad/mat_mul,mat_mul,247561,

gradient_wrt_Variable_2:0/add_2_grad/add/reduce_sum_x,sum,242963,

mat_mul,mat_mul,240549,

gradient_wrt_Variable_3:0/relu__1_grad/index,index,240038,

gradient_wrt_Variable_3:0/relu__1_grad/reshape,reshape,238925,

gradient_wrt_Variable_6:0/add_2_grad/add/reduce_sum_y,sum,237954,

conv2d,conv2d,236942,

gradient_wrt_Variable_5:0/add_2_grad/add/reduce_sum_x,sum,236160,

Variable_9:0/Adam_1,variable_v2,236131,

gradient_wrt_Variable:0/add_2_grad/add/reduce_sum_x,sum,232995,

gradient_wrt_Variable_7:0/relu__3_grad/zeros,zeros,232994,

gradient_wrt_Variable_2:0/relu__1_grad/reshape,reshape,226633,

gradient_wrt_Variable_4:0/relu__1_grad/reshape,reshape,216333,

gradient_wrt_Variable_7:0/relu__3_grad/sum,sum,215442,

Variable_3:0/Adam_1,variable_v2,214160,

gradient_wrt_Variable_2:0/add_1_grad/reshape,reshape,214079,

gradient_wrt_Variable_3:0/add_2_grad/add/reduce_sum_x,sum,213648,

gradient_wrt_Variable_3:0/add_1_grad/reshape,reshape,212496,

gradient_wrt_Variable:0/relu__2_grad/reshape,reshape,207176,

gradient_wrt_Variable_5:0/relu__3_grad/sum,sum,202618,

reshape,reshape,202348,

gradient_wrt_Variable_2:0/relu__2_grad/sum,sum,200564,

gradient_wrt_Variable_8:0/relu__3_grad/greater_equal,greater_equal,199873,

gradient_wrt_Variable_7:0/mul_grad/mul,mul,199753,

gradient_wrt_Variable_10:0/add_4_grad/add/reduce_sum_y,sum,199161,

add_3,add,197789,

gradient_wrt_Variable:0/relu__2_grad/sum,sum,197318,

gradient_wrt_Variable_5:0/relu__2_grad/sum,sum,196977,

gradient_wrt_Variable_3:0/add_3_grad/add/reduce_sum_x,sum,196216,

gradient_wrt_Variable_3:0/relu__2_grad/sum,sum,194753,

gradient_wrt_Variable_6:0/relu__2_grad/sum,sum,194643,

Adam/update_Variable_8:0/apply_adam,apply_adam,192880,

gradient_wrt_Variable_4:0/add_2_grad/add/reduce_sum_x,sum,192329,

gradient_wrt_Variable_2:0/mat_mul_grad/mat_mul,mat_mul,191797,

gradient_wrt_Variable_7:0/mean_grad/equal,equal,191277,

mat_mul_1,mat_mul,190054,

gradient_wrt_Variable_3:0/mat_mul_grad/mat_mul,mat_mul,189323,

Variable_5:0/Adam_1,variable_v2,189102,

Variable:0,variable_v2,188893,

gradient_wrt_Variable_6:0/relu__2_grad/reshape,reshape,188342,

gradient_wrt_Variable:0/mean_grad/equal,equal,188201,

gradient_wrt_Variable_5:0/relu__2_grad/reshape,reshape,187900,

gradient_wrt_Variable_5:0/relu__3_grad/zeros,zeros,187530,

gradient_wrt_Variable_5:0/mat_mul_1_grad/mat_mul,mat_mul,186698,

gradient_wrt_Variable_6:0/add_4_grad/reshape,reshape,186006,

gradient_wrt_Variable:0/mean_grad/max_1,max,185586,

add_4,add,185456,

Variable_3:0,variable_v2,185125,

gradient_wrt_Variable_8:0/mean_grad/max_1,max,184945,

gradient_wrt_Variable_6:0/mat_mul_grad/mat_mul,mat_mul,184815,

gradient_wrt_Variable_4:0/mean_grad/max_1,max,184695,

gradient_wrt_Variable_5:0/mat_mul_grad/mat_mul,mat_mul,184584,

gradient_wrt_Variable_3:0/relu__1_grad/greater_equal,greater_equal,184194,

gradient_wrt_Variable:0/add_3_grad/add/reduce_sum_x,sum,183512,

gradient_wrt_Variable_4:0/softmax_cross_entropy_with_logits/softmax_cross_entropy_with_logits_v2_grad/mul,mul,182391,

gradient_wrt_Variable_7:0/mean_grad/div,div,177341,

gradient_wrt_Variable_6:0/mean_grad/div,div,177080,

gradient_wrt_Variable_2:0/relu__2_grad/greater_equal,greater_equal,174716,

gradient_wrt_Variable_3:0/relu__3_grad/sum,sum,173664,

gradient_wrt_Variable_9:0/softmax_cross_entropy_with_logits/softmax_cross_entropy_with_logits_v2_grad/mul,mul,173554,

gradient_wrt_Variable:0/mean_grad/div,div,173474,

gradient_wrt_Variable_6:0/relu__3_grad/greater_equal,greater_equal,172862,

Adam/update_Variable_9:0/apply_adam,apply_adam,172492,

Adam/update_Variable_6:0/apply_adam,apply_adam,172171,

gradient_wrt_Variable_8:0/mul_grad/index,index,172151,

gradient_wrt_Variable_4:0/relu__3_grad/greater_equal,greater_equal,171800,

Adam/update_Variable_3:0/apply_adam,apply_adam,169897,

gradient_wrt_Variable_6:0/mul_grad/mul,mul,169536,

add_5,add,169496,

gradient_wrt_Variable_10:0/mul_grad/mul,mul,168564,

Adam/update_Variable_2:0/apply_adam,apply_adam,167984,

gradient_wrt_Variable_4:0/add_1_grad/reshape_1,reshape,167041,

gradient_wrt_Variable_2:0/softmax_cross_entropy_with_logits/softmax_cross_entropy_with_logits_v2_grad/mul,mul,166411,

gradient_wrt_Variable_6:0/mean_grad/floor_div_1,floor_div,162604,

gradient_wrt_Variable_3:0/relu__3_grad/zeros,zeros,162593,

gradient_wrt_Variable_3:0/softmax_cross_entropy_with_logits/softmax_cross_entropy_with_logits_v2_grad/mul,mul,161632,

gradient_wrt_Variable_8:0/add_3_grad/add/reduce_sum_y,sum,161401,

gradient_wrt_Variable_4:0/relu__2_grad/zeros,zeros,161341,

gradient_wrt_Variable_2:0/mul_grad/index,index,160599,

gradient_wrt_Variable_4:0/add_2_grad/reshape,reshape,160099,

Adam/mul,mul,160098,

add_1,add,160038,

gradient_wrt_Variable_9:0/mul_grad/index,index,158906,

gradient_wrt_Variable:0/relu__3_grad/zeros,zeros,158295,

gradient_wrt_Variable_4:0/relu__3_grad/zeros,zeros,158286,

gradient_wrt_Variable_2:0/relu__3_grad/zeros,zeros,157864,

conv2d_2,conv2d,157814,

ExponentialDecay/mul,mul,157574,

Adam/update_Variable_4:0/apply_adam,apply_adam,157514,

gradient_wrt_Variable_8:0/relu__3_grad/sum,sum,156763,

gradient_wrt_Variable:0/mul_grad/mul,mul,156652,

gradient_wrt_Variable_7:0/relu__3_grad/greater_equal,greater_equal,156472,

gradient_wrt_Variable_2:0/add_3_grad/add/reduce_sum_x,sum,155991,

gradient_wrt_Variable_9:0/mean_grad/max_1,max,155811,

gradient_wrt_Variable_10:0/mean_grad/div,div,155771,

gradient_wrt_Variable_7:0/mat_mul_grad/mat_mul_1,mat_mul,155610,

gradient_wrt_Variable_4:0/relu__3_grad/sum,sum,155270,

gradient_wrt_Variable_4:0/mul_grad/mul,mul,153968,

gradient_wrt_Variable_3:0/mat_mul_1_grad/mat_mul,mat_mul,153827,

gradient_wrt_Variable_2:0/relu__3_grad/sum,sum,153476,

gradient_wrt_Variable_3:0/mean_grad/div,div,153246,

gradient_wrt_Variable_6:0/relu__3_grad/sum,sum,152885,

gradient_wrt_Variable:0/mul_grad/index,index,152515,

gradient_wrt_Variable:0/relu__3_grad/sum,sum,152194,

gradient_wrt_Variable_2:0/mul_grad/mul,mul,152014,

gradient_wrt_Variable_3:0/mean_grad/max_1,max,151954,

gradient_wrt_Variable_4:0/relu__2_grad/greater_equal,greater_equal,151793,

gradient_wrt_Variable_4:0/mean_grad/prod,prod,151242,

gradient_wrt_Variable_2:0/add_grad/reshape_1,reshape,151012,

gradient_wrt_Variable_4:0/mean_grad/div,div,150982,

gradient_wrt_Variable_10:0/mean_grad/max_1,max,150881,

gradient_wrt_Variable_7:0/add_3_grad/add/reduce_sum_x,sum,150781,

gradient_wrt_Variable:0/relu__1_grad/greater_equal,greater_equal,150761,

mul,mul,150190,

Adam/update_Variable_7:0/apply_adam,apply_adam,149649,

gradient_wrt_Variable:0/relu__grad/greater_equal,greater_equal,149028,

Adam/mul_1,mul,148227,

gradient_wrt_Variable_4:0/relu__3_grad/reshape,reshape,148097,

gradient_wrt_Variable_5:0/add_3_grad/add/reduce_sum_x,sum,147825,

gradient_wrt_Variable_6:0/add_4_grad/add/reduce_sum_x,sum,146924,

add_2,add,146453,

gradient_wrt_Variable:0/add_4_grad/reshape,reshape,146273,

gradient_wrt_Variable_6:0/add_3_grad/add/reduce_sum_x,sum,146072,

gradient_wrt_Variable_4:0/add_3_grad/add/reduce_sum_x,sum,145892,

relu__3,max,145382,

gradient_wrt_Variable_7:0/mean_grad/floor_div_1,floor_div,145151,

gradient_wrt_Variable_9:0/mean_grad/cast,cast,144911,

gradient_wrt_Variable_8:0/relu__3_grad/zeros,zeros,144840,

mean,mean,142996,

gradient_wrt_Variable_8:0/mean_grad/prod,prod,142886,

gradient_wrt_Variable_7:0/add_4_grad/add/reduce_sum_x,sum,142126,

gradient_wrt_Variable_6:0/reshape_1_grad/shape,shape,141564,

Variable:0/Adam_1,variable_v2,141073,

gradient_wrt_Variable_4:0/add_3_grad/reshape,reshape,139781,

gradient_wrt_Variable_5:0/mul_grad/mul,mul,139541,

Variable_10:0/Adam_1,variable_v2,139109,

conv2d_1,conv2d,138959,

Adam/update_Variable_5:0/apply_adam,apply_adam,138729,

add,add,138268,

ExponentialDecay/div,div,137887,

gradient_wrt_Variable_4:0/mul_grad/index,index,137807,

Adam/update_Variable:0/apply_adam,apply_adam,137086,

gradient_wrt_Variable:0/mean_grad/prod,prod,136154,

reshape_1,reshape,136093,

gradient_wrt_Variable_8:0/mean_grad/cast,cast,135513,

gradient_wrt_Variable_2:0/mean_grad/prod,prod,135513,

gradient_wrt_Variable_4:0/add_4_grad/add/reduce_sum_x,sum,135011,

gradient_wrt_Variable:0/relu__2_grad/greater_equal,greater_equal,134952,

gradient_wrt_Variable_5:0/mean_grad/prod,prod,134541,

gradient_wrt_Variable_6:0/mean_grad/prod,prod,134241,

gradient_wrt_Variable_5:0/mul_grad/index,index,134070,

gradient_wrt_Variable_3:0/mean_grad/prod,prod,133970,

gradient_wrt_Variable_4:0/relu__2_grad/reshape,reshape,133740,

gradient_wrt_Variable_3:0/relu__2_grad/greater_equal,greater_equal,133679,

Adam/update_Variable_10:0/apply_adam,apply_adam,133599,

gradient_wrt_Variable_7:0/mean_grad/prod,prod,133108,

gradient_wrt_Variable_6:0/mul_grad/index,index,133048,

gradient_wrt_Variable:0/relu__3_grad/greater_equal,greater_equal,132998,

Variable:0/Adam,variable_v2,132828,

gradient_wrt_Variable_3:0/mean_grad/cast,cast,132567,

gradient_wrt_Variable:0/conv2d_1_grad/shape_n,shape_n,132387,

gradient_wrt_Variable_10:0/add_4_grad/reshape_1,reshape,132117,

gradient_wrt_Variable_10:0/softmax_cross_entropy_with_logits/softmax_cross_entropy_with_logits_v2_grad/mul,mul,131585,

relu__2,max,130694,

Variable_8:0/Adam,variable_v2,130423,

gradient_wrt_Variable_2:0/relu__3_grad/reshape,reshape,129591,

gradient_wrt_Variable_6:0/relu__3_grad/zeros,zeros,129472,

gradient_wrt_Variable:0/add_4_grad/add/reduce_sum_x,sum,129161,

relu__1,max,127688,

gradient_wrt_Variable_3:0/add_4_grad/add/reduce_sum_x,sum,127608,

gradient_wrt_Variable_2:0/add_2_grad/reshape,reshape,127598,

gradient_wrt_Variable_2:0/relu__2_grad/reshape,reshape,127568,

gradient_wrt_Variable_3:0/mul_grad/index,index,127538,

gradient_wrt_Variable_2:0/add_1_grad/broadcast_gradient_args,broadcast_gradient_args,127138,

gradient_wrt_Variable_5:0/add_4_grad/add/reduce_sum_x,sum,126977,

gradient_wrt_Variable_2:0/mean_grad/div,div,126857,

gradient_wrt_Variable_4:0/mean_grad/cast,cast,126847,

gradient_wrt_Variable_3:0/relu__2_grad/reshape,reshape,126015,

gradient_wrt_Variable_2:0/add_4_grad/add/reduce_sum_x,sum,125454,

gradient_wrt_Variable_5:0/relu__2_grad/greater_equal,greater_equal,125243,

gradient_wrt_Variable:0/add_2_grad/reshape,reshape,125083,

gradient_wrt_Variable_8:0/add_4_grad/add/reduce_sum_x,sum,124332,

gradient_wrt_Variable_6:0/relu__2_grad/greater_equal,greater_equal,124132,

gradient_wrt_Variable:0/conv2d_grad/shape_n,shape_n,123420,

gradient_wrt_Variable_6:0/add_2_grad/reshape_1,reshape,122489,

gradient_wrt_Variable_4:0/relu__1_grad/greater_equal,greater_equal,122448,

gradient_wrt_Variable_9:0/mul_grad/mul,mul,121837,

gradient_wrt_Variable_9:0/mean_grad/prod,prod,121727,

gradient_wrt_Variable_6:0/softmax_cross_entropy_with_logits/softmax_cross_entropy_with_logits_v2_grad/mul,mul,121727,

gradient_wrt_Variable:0/add_grad/broadcast_gradient_args,broadcast_gradient_args,121416,

gradient_wrt_Variable_7:0/add_4_grad/broadcast_gradient_args,broadcast_gradient_args,119272,

gradient_wrt_Variable_2:0/mat_mul_1_grad/mat_mul,mat_mul,117830,

gradient_wrt_Variable_8:0/softmax_cross_entropy_with_logits/softmax_cross_entropy_with_logits_v2_grad/mul,mul,117819,

Variable_6:0/Adam_1,variable_v2,117449,

Variable_2:0/Adam_1,variable_v2,117289,

gradient_wrt_Variable_3:0/add_3_grad/reshape,reshape,117109,

gradient_wrt_Variable_5:0/softmax_cross_entropy_with_logits/softmax_cross_entropy_with_logits_v2_grad/mul,mul,117098,

gradient_wrt_Variable:0/softmax_cross_entropy_with_logits/softmax_cross_entropy_with_logits_v2_grad/mul,mul,116959,

Variable_4:0/Adam_1,variable_v2,116778,

gradient_wrt_Variable_10:0/mean_grad/prod,prod,116688,

gradient_wrt_Variable_8:0/relu__3_grad/reshape,reshape,116507,

gradient_wrt_Variable_3:0/reshape_1_grad/shape,shape,115766,

gradient_wrt_Variable_2:0/relu__grad/greater_equal,greater_equal,115135,

gradient_wrt_Variable_2:0/mean_grad/cast,cast,114624,

gradient_wrt_Variable_7:0/softmax_cross_entropy_with_logits/softmax_cross_entropy_with_logits_v2_grad/mul,mul,114203,

gradient_wrt_Variable_7:0/mean_grad/max_1,max,113392,

gradient_wrt_Variable_9:0/add_4_grad/add/reduce_sum_x,sum,112940,

gradient_wrt_Variable_6:0/mean_grad/max_1,max,112901,

gradient_wrt_Variable_5:0/mean_grad/max_1,max,111187,

gradient_wrt_Variable_3:0/add_1_grad/broadcast_gradient_args,broadcast_gradient_args,110406,

gradient_wrt_Variable_6:0/mat_mul_1_grad/mat_mul,mat_mul,109514,

gradient_wrt_Variable_2:0/mean_grad/max_1,max,108432,

gradient_wrt_Variable_2:0/relu__2_grad/zeros,zeros,107360,

gradient_wrt_Variable_8:0/mul_grad/mul,mul,107039,

gradient_wrt_Variable_4:0/add_2_grad/broadcast_gradient_args,broadcast_gradient_args,106769,

gradient_wrt_Variable_2:0/relu__1_grad/greater_equal,greater_equal,106508,

gradient_wrt_Variable_5:0/add_2_grad/reshape,reshape,106489,

gradient_wrt_Variable_6:0/relu__2_grad/zeros,zeros,106429,

gradient_wrt_Variable_6:0/add_4_grad/broadcast_gradient_args,broadcast_gradient_args,106318,

gradient_wrt_Variable_7:0/add_4_grad/reshape,reshape,106198,

gradient_wrt_Variable_4:0/mat_mul_1_grad/mat_mul,mat_mul,105857,

gradient_wrt_Variable_3:0/relu__2_grad/zeros,zeros,105216,

gradient_wrt_Variable:0/mat_mul_1_grad/mat_mul,mat_mul,105206,

ExponentialDecay/cast_1,cast,105147,

gradient_wrt_Variable_7:0/add_4_grad/add/shape_x,shape,105036,

gradient_wrt_Variable_3:0/add_4_grad/broadcast_gradient_args,broadcast_gradient_args,104936,

gradient_wrt_Variable_7:0/mat_mul_1_grad/mat_mul,mat_mul,104665,

gradient_wrt_Variable:0/relu__2_grad/zeros,zeros,104606,

gradient_wrt_Variable_8:0/mean_grad/equal,equal,104575,

Variable_8:0/Adam_1,variable_v2,104465,

gradient_wrt_Variable_8:0/mean_grad/div,div,104425,

gradient_wrt_Variable_6:0/mean_grad/equal,equal,104265,

gradient_wrt_Variable_7:0/relu__3_grad/reshape,reshape,103252,

gradient_wrt_Variable_4:0/mean_grad/equal,equal,103243,

gradient_wrt_Variable_3:0/add_4_grad/reshape,reshape,103022,

gradient_wrt_Variable_2:0/mean_grad/equal,equal,102911,

gradient_wrt_Variable_7:0/add_3_grad/reshape,reshape,102701,

gradient_wrt_Variable:0/relu__3_grad/reshape,reshape,102652,

gradient_wrt_Variable_5:0/mean_grad/equal,equal,102642,

gradient_wrt_Variable_3:0/relu__3_grad/reshape,reshape,102631,

gradient_wrt_Variable_2:0/add_3_grad/reshape,reshape,102371,

gradient_wrt_Variable_5:0/relu__3_grad/reshape,reshape,102291,

gradient_wrt_Variable_9:0/mat_mul_1_grad/mat_mul_1,mat_mul,102180,

gradient_wrt_Variable_6:0/relu__3_grad/reshape,reshape,102131,

gradient_wrt_Variable_8:0/mat_mul_1_grad/mat_mul,mat_mul,102111,

gradient_wrt_Variable_10:0/mean_grad/equal,equal,101980,

gradient_wrt_Variable_3:0/mul_grad/mul,mul,101900,

gradient_wrt_Variable_5:0/add_3_grad/reshape,reshape,101640,

gradient_wrt_Variable_3:0/mean_grad/equal,equal,101509,

gradient_wrt_Variable_5:0/relu__2_grad/zeros,zeros,101389,

gradient_wrt_Variable_3:0/add_2_grad/reshape,reshape,101079,

gradient_wrt_Variable_5:0/mean_grad/div,div,100698,

gradient_wrt_Variable_8:0/add_4_grad/reshape,reshape,100638,

gradient_wrt_Variable_4:0/mean_grad/floor_div_1,floor_div,100588,

gradient_wrt_Variable_8:0/mean_grad/floor_div_1,floor_div,100468,

gradient_wrt_Variable_3:0/mean_grad/floor_div_1,floor_div,100377,

gradient_wrt_Variable_8:0/add_4_grad/broadcast_gradient_args,broadcast_gradient_args,100186,

gradient_wrt_Variable_3:0/relu__3_grad/greater_equal,greater_equal,99997,

gradient_wrt_Variable_2:0/add_4_grad/reshape,reshape,99936,

gradient_wrt_Variable_9:0/mean_grad/equal,equal,99846,

gradient_wrt_Variable_5:0/mean_grad/floor_div_1,floor_div,99826,

gradient_wrt_Variable:0/add_3_grad/reshape,reshape,99696,

gradient_wrt_Variable_5:0/add_4_grad/reshape,reshape,99375,

gradient_wrt_Variable_8:0/add_3_grad/reshape_1,reshape,99365,

beta1_power,variable_v2,99346,

relu_,max,98664,

gradient_wrt_Variable_6:0/add_3_grad/reshape,reshape,98644,

gradient_wrt_Variable_9:0/mean_grad/floor_div_1,floor_div,98303,

gradient_wrt_Variable:0/mean_grad/floor_div_1,floor_div,98203,

gradient_wrt_Variable_2:0/relu__3_grad/greater_equal,greater_equal,98153,

gradient_wrt_Variable_7:0/softmax_cross_entropy_with_logits/softmax_cross_entropy_with_logits_v2_grad/expand_dims,expand_dims,97672,

ExponentialDecay/pow,pow,97552,

gradient_wrt_Variable_2:0/mean_grad/floor_div_1,floor_div,97512,

gradient_wrt_Variable_3:0/relu__2_grad/shape,shape,97292,

gradient_wrt_Variable_10:0/mean_grad/floor_div_1,floor_div,96781,

gradient_wrt_Variable_5:0/add_4_grad/add/shape_x,shape,96540,

gradient_wrt_Variable:0/relu__3_grad/shape,shape,95888,

gradient_wrt_Variable_10:0/mean_grad/rank_2,rank,95488,

Variable_10:0/Adam,variable_v2,95287,

gradient_wrt_Variable_9:0/mean_grad/div,div,94837,

gradient_wrt_Variable:0/softmax_cross_entropy_with_logits/softmax_cross_entropy_with_logits_v2_grad/index,index,94697,

beta2_power,variable_v2,94086,

gradient_wrt_Variable_5:0/mean_grad/cast,cast,93404,

gradient_wrt_Variable_5:0/relu__3_grad/greater_equal,greater_equal,92473,

gradient_wrt_Variable_8:0/add_3_grad/broadcast_gradient_args,broadcast_gradient_args,89617,

gradient_wrt_Variable_5:0/relu__3_grad/shape,shape,89206,

gradient_wrt_Variable_3:0/fill,fill,88956,

gradient_wrt_Variable_9:0/add_4_grad/reshape,reshape,88716,

gradient_wrt_Variable_7:0/mul_grad/index,index,88706,

gradient_wrt_Variable_3:0/add_2_grad/add/shape_x,shape,87884,

gradient_wrt_Variable_2:0/mean_grad/prod_1,prod,87313,

gradient_wrt_Variable_2:0/add_3_grad/add/shape_x,shape,87123,

gradient_wrt_Variable:0/conv2d_2_grad/shape_n,shape_n,85739,

gradient_wrt_Variable:0/mean_grad/cast,cast,84969,

gradient_wrt_Variable_7:0/mean_grad/cast,cast,84658,

gradient_wrt_Variable_10:0/mean_grad/cast,cast,84377,

gradient_wrt_Variable_6:0/mean_grad/cast,cast,83987,

gradient_wrt_Variable_4:0/relu__2_grad/broadcast_gradient_args,broadcast_gradient_args,82944,

gradient_wrt_Variable_5:0/mean_grad/prod_1,prod,82574,

gradient_wrt_Variable_5:0/conv2d_2_grad/shape_n,shape_n,82483,

gradient_wrt_Variable:0/mul_grad/broadcast_gradient_args,broadcast_gradient_args,82444,

gradient_wrt_Variable_10:0/mul_grad/index,index,80831,

gradient_wrt_Variable_5:0/mul_grad/reshape,reshape,79899,

gradient_wrt_Variable_7:0/mean_grad/rank_2,rank,77975,

gradient_wrt_Variable_4:0/conv2d_2_grad/shape_n,shape_n,76963,

gradient_wrt_Variable_10:0/mean_grad/rank,rank,76482,

Adam/flow_group,flow_group,75501,[12]

gradient_wrt_Variable_9:0/add_4_grad/add/shape_y,shape,74299,

gradient_wrt_Variable_3:0/conv2d_1_grad/shape_n,shape_n,74208,

gradient_wrt_Variable_2:0/add_3_grad/broadcast_gradient_args,broadcast_gradient_args,74149,

gradient_wrt_Variable:0/add_1_grad/broadcast_gradient_args,broadcast_gradient_args,72926,

gradient_wrt_Variable_2:0/conv2d_1_grad/shape_n,shape_n,72665,

gradient_wrt_Variable_9:0/mean_grad/rank_1,rank,72656,

gradient_wrt_Variable_3:0/conv2d_2_grad/shape_n,shape_n,71404,

gradient_wrt_Variable_7:0/relu__3_grad/shape,shape,69760,

gradient_wrt_Variable_2:0/conv2d_2_grad/shape_n,shape_n,69530,

gradient_wrt_Variable_4:0/softmax_cross_entropy_with_logits/softmax_cross_entropy_with_logits_v2_grad/index,index,69299,

gradient_wrt_Variable_2:0/relu__2_grad/broadcast_gradient_args,broadcast_gradient_args,66504,

rank,rank,63809,

gradient_wrt_Variable_4:0/add_4_grad/reshape,reshape,63578,

gradient_wrt_Variable_6:0/mul_grad/broadcast_gradient_args,broadcast_gradient_args,62396,

gradient_wrt_Variable_6:0/add_3_grad/add/shape_y,shape,61595,

gradient_wrt_Variable_2:0/add_grad/broadcast_gradient_args,broadcast_gradient_args,58248,

gradient_wrt_Variable_8:0/mean_grad/prod_1,prod,58128,

gradient_wrt_Variable:0/relu__2_grad/broadcast_gradient_args,broadcast_gradient_args,57547,

gradient_wrt_Variable_2:0/mean_grad/fill_1,fill,57387,

gradient_wrt_Variable_5:0/relu__2_grad/broadcast_gradient_args,broadcast_gradient_args,56816,

gradient_wrt_Variable_6:0/relu__2_grad/broadcast_gradient_args,broadcast_gradient_args,55233,

gradient_wrt_Variable_5:0/add_4_grad/broadcast_gradient_args,broadcast_gradient_args,54191,

gradient_wrt_Variable_7:0/mean_grad/rank,rank,54011,

gradient_wrt_Variable_3:0/relu__2_grad/broadcast_gradient_args,broadcast_gradient_args,54001,

gradient_wrt_Variable_4:0/add_1_grad/broadcast_gradient_args,broadcast_gradient_args,53961,

gradient_wrt_Variable_2:0/relu__grad/broadcast_gradient_args,broadcast_gradient_args,52688,

gradient_wrt_Variable_3:0/relu__1_grad/broadcast_gradient_args,broadcast_gradient_args,52478,

gradient_wrt_Variable_3:0/add_2_grad/broadcast_gradient_args,broadcast_gradient_args,52468,

gradient_wrt_Variable:0/relu__1_grad/broadcast_gradient_args,broadcast_gradient_args,52327,

gradient_wrt_Variable_2:0/add_2_grad/broadcast_gradient_args,broadcast_gradient_args,52318,

gradient_wrt_Variable_4:0/relu__1_grad/broadcast_gradient_args,broadcast_gradient_args,51846,

gradient_wrt_Variable_7:0/mean_grad/range_1,range,51696,

gradient_wrt_Variable_5:0/add_2_grad/broadcast_gradient_args,broadcast_gradient_args,51386,

gradient_wrt_Variable_6:0/add_2_grad/broadcast_gradient_args,broadcast_gradient_args,50935,

gradient_wrt_Variable:0/add_2_grad/broadcast_gradient_args,broadcast_gradient_args,50935,

gradient_wrt_Variable:0/relu__grad/broadcast_gradient_args,broadcast_gradient_args,50795,

gradient_wrt_Variable_2:0/relu__1_grad/broadcast_gradient_args,broadcast_gradient_args,50725,

gradient_wrt_Variable_4:0/add_4_grad/broadcast_gradient_args,broadcast_gradient_args,50514,

gradient_wrt_Variable_7:0/shape,shape,50484,

gradient_wrt_Variable:0/add_4_grad/broadcast_gradient_args,broadcast_gradient_args,50394,

gradient_wrt_Variable_9:0/add_4_grad/broadcast_gradient_args,broadcast_gradient_args,49703,

gradient_wrt_Variable_3:0/relu__3_grad/shape,shape,49683,

gradient_wrt_Variable_2:0/add_4_grad/broadcast_gradient_args,broadcast_gradient_args,48982,

gradient_wrt_Variable_4:0/relu__3_grad/broadcast_gradient_args,broadcast_gradient_args,48561,

gradient_wrt_Variable:0/relu__3_grad/broadcast_gradient_args,broadcast_gradient_args,48220,

gradient_wrt_Variable_8:0/relu__3_grad/broadcast_gradient_args,broadcast_gradient_args,48170,

gradient_wrt_Variable_6:0/add_3_grad/broadcast_gradient_args,broadcast_gradient_args,47940,

gradient_wrt_Variable:0/add_3_grad/broadcast_gradient_args,broadcast_gradient_args,47929,

gradient_wrt_Variable:0/reshape_1_grad/shape,shape,47869,

gradient_wrt_Variable_2:0/relu__3_grad/broadcast_gradient_args,broadcast_gradient_args,47859,

gradient_wrt_Variable_7:0/relu__3_grad/broadcast_gradient_args,broadcast_gradient_args,47789,

gradient_wrt_Variable_3:0/relu__3_grad/broadcast_gradient_args,broadcast_gradient_args,47539,

gradient_wrt_Variable_10:0/add_4_grad/broadcast_gradient_args,broadcast_gradient_args,47369,

gradient_wrt_Variable_6:0/relu__3_grad/broadcast_gradient_args,broadcast_gradient_args,47278,

gradient_wrt_Variable_5:0/reshape_1_grad/shape,shape,47118,

gradient_wrt_Variable_5:0/relu__3_grad/broadcast_gradient_args,broadcast_gradient_args,47058,

gradient_wrt_Variable_3:0/add_3_grad/broadcast_gradient_args,broadcast_gradient_args,46928,

gradient_wrt_Variable_5:0/add_3_grad/broadcast_gradient_args,broadcast_gradient_args,46617,

gradient_wrt_Variable_7:0/add_3_grad/broadcast_gradient_args,broadcast_gradient_args,46467,

gradient_wrt_Variable_2:0/reshape_1_grad/shape,shape,46447,

gradient_wrt_Variable_4:0/reshape_1_grad/shape,shape,45986,

gradient_wrt_Variable_2:0/softmax_cross_entropy_with_logits/softmax_cross_entropy_with_logits_v2_grad/index,index,45945,

gradient_wrt_Variable_2:0/add_1_grad/add/shape_y,shape,45685,

gradient_wrt_Variable_4:0/add_3_grad/broadcast_gradient_args,broadcast_gradient_args,45164,

gradient_wrt_Variable_7:0/fill,fill,42890,

gradient_wrt_Variable:0/add_grad/add/shape_x,shape,42430,

gradient_wrt_Variable:0/add_grad/add/shape_y,shape,42089,

gradient_wrt_Variable_2:0/add_grad/add/shape_x,shape,41968,

gradient_wrt_Variable_3:0/relu__2_grad/shape_1,shape,41036,

gradient_wrt_Variable:0/add_1_grad/add/shape_x,shape,40896,

gradient_wrt_Variable_2:0/add_1_grad/add/shape_x,shape,40716,

gradient_wrt_Variable_2:0/relu__grad/shape_1,shape,40485,

gradient_wrt_Variable_6:0/add_4_grad/add/shape_x,shape,40415,

gradient_wrt_Variable:0/relu__1_grad/shape_1,shape,40104,

gradient_wrt_Variable_4:0/add_2_grad/add/shape_x,shape,40005,

gradient_wrt_Variable_5:0/fill,fill,39814,

gradient_wrt_Variable_3:0/add_4_grad/add/shape_x,shape,39754,

gradient_wrt_Variable:0/relu__1_grad/shape,shape,39695,

gradient_wrt_Variable:0/relu__grad/shape_1,shape,39574,

gradient_wrt_Variable_3:0/add_1_grad/add/shape_x,shape,39554,

gradient_wrt_Variable_6:0/relu__2_grad/shape_1,shape,39444,

gradient_wrt_Variable:0/add_2_grad/add/shape_x,shape,39424,

gradient_wrt_Variable_3:0/relu__1_grad/shape_1,shape,39414,

gradient_wrt_Variable:0/relu__2_grad/shape,shape,39333,

gradient_wrt_Variable_2:0/add_2_grad/add/shape_x,shape,39313,

gradient_wrt_Variable:0/relu__grad/shape,shape,39293,

gradient_wrt_Variable_6:0/softmax_cross_entropy_with_logits/softmax_cross_entropy_with_logits_v2_grad/expand_dims,expand_dims,39283,

gradient_wrt_Variable_4:0/relu__1_grad/shape_1,shape,39273,

gradient_wrt_Variable_5:0/add_2_grad/add/shape_x,shape,39163,

gradient_wrt_Variable:0/mean_grad/shape,shape,39073,

gradient_wrt_Variable:0/relu__2_grad/shape_1,shape,39053,

gradient_wrt_Variable_5:0/relu__2_grad/shape_1,shape,39013,

gradient_wrt_Variable_5:0/mean_grad/rank,rank,38983,

gradient_wrt_Variable_4:0/mean_grad/shape,shape,38953,

gradient_wrt_Variable_4:0/add_1_grad/add/shape_x,shape,38923,

gradient_wrt_Variable_4:0/mean_grad/fill_1,fill,38913,

gradient_wrt_Variable_2:0/relu__grad/shape,shape,38793,

gradient_wrt_Variable_2:0/relu__1_grad/shape,shape,38743,

gradient_wrt_Variable_6:0/add_2_grad/add/shape_x,shape,38672,

gradient_wrt_Variable_2:0/relu__2_grad/shape_1,shape,38672,

gradient_wrt_Variable_2:0/relu__3_grad/shape_1,shape,38612,

gradient_wrt_Variable_4:0/softmax_cross_entropy_with_logits/softmax_cross_entropy_with_logits_v2_grad/expand_dims,expand_dims,38582,

gradient_wrt_Variable_4:0/relu__2_grad/shape,shape,38572,

gradient_wrt_Variable_5:0/relu__2_grad/shape,shape,38522,

gradient_wrt_Variable_4:0/relu__2_grad/shape_1,shape,38522,

gradient_wrt_Variable_2:0/relu__2_grad/shape,shape,38492,

gradient_wrt_Variable_7:0/mean_grad/shape,shape,38441,

gradient_wrt_Variable_8:0/add_4_grad/add/shape_x,shape,38402,

gradient_wrt_Variable_6:0/relu__3_grad/shape,shape,38381,

gradient_wrt_Variable_2:0/relu__1_grad/shape_1,shape,38361,

gradient_wrt_Variable_2:0/fill,fill,38341,

gradient_wrt_Variable_4:0/mean_grad/expand_dims,expand_dims,38101,

gradient_wrt_Variable_4:0/add_4_grad/add/shape_x,shape,38051,

gradient_wrt_Variable_4:0/relu__3_grad/shape,shape,37981,

gradient_wrt_Variable_8:0/mean_grad/shape,shape,37941,

gradient_wrt_Variable_10:0/fill,fill,37901,

gradient_wrt_Variable:0/add_4_grad/add/shape_x,shape,37901,

gradient_wrt_Variable_9:0/softmax_cross_entropy_with_logits/softmax_cross_entropy_with_logits_v2_grad/expand_dims,expand_dims,37851,

gradient_wrt_Variable_6:0/relu__2_grad/shape,shape,37841,

gradient_wrt_Variable_6:0/add_3_grad/add/shape_x,shape,37821,

gradient_wrt_Variable_7:0/add_3_grad/add/shape_x,shape,37780,

gradient_wrt_Variable_9:0/add_4_grad/add/shape_x,shape,37720,

gradient_wrt_Variable_3:0/add_3_grad/add/shape_x,shape,37720,

gradient_wrt_Variable_2:0/softmax_cross_entropy_with_logits/softmax_cross_entropy_with_logits_v2_grad/expand_dims,expand_dims,37700,

gradient_wrt_Variable_10:0/mean_grad/shape,shape,37691,

gradient_wrt_Variable_3:0/relu__1_grad/shape,shape,37671,

gradient_wrt_Variable_8:0/softmax_cross_entropy_with_logits/softmax_cross_entropy_with_logits_v2_grad/expand_dims,expand_dims,37600,

gradient_wrt_Variable_7:0/relu__3_grad/shape_1,shape,37590,

gradient_wrt_Variable_8:0/add_3_grad/add/shape_x,shape,37570,

gradient_wrt_Variable:0/softmax_cross_entropy_with_logits/softmax_cross_entropy_with_logits_v2_grad/expand_dims,expand_dims,37570,

gradient_wrt_Variable_2:0/relu__3_grad/shape,shape,37560,

gradient_wrt_Variable:0/fill,fill,37530,

gradient_wrt_Variable_6:0/fill,fill,37520,

gradient_wrt_Variable_4:0/relu__3_grad/shape_1,shape,37470,

gradient_wrt_Variable_10:0/mean_grad/fill_1,fill,37460,

gradient_wrt_Variable_7:0/mean_grad/fill_1,fill,37320,

gradient_wrt_Variable_6:0/mean_grad/rank,rank,37320,

gradient_wrt_Variable_4:0/fill,fill,37320,

gradient_wrt_Variable:0/relu__3_grad/shape_1,shape,37310,

gradient_wrt_Variable_3:0/relu__3_grad/shape_1,shape,37290,

gradient_wrt_Variable_2:0/add_4_grad/add/shape_x,shape,37240,

gradient_wrt_Variable_4:0/mean_grad/rank,rank,37209,

gradient_wrt_Variable:0/mean_grad/fill_1,fill,37190,

gradient_wrt_Variable_3:0/mean_grad/expand_dims,expand_dims,37179,

gradient_wrt_Variable_10:0/add_4_grad/add/shape_x,shape,37170,

gradient_wrt_Variable_4:0/relu__1_grad/shape,shape,37080,

gradient_wrt_Variable_4:0/add_3_grad/add/shape_x,shape,37079,

gradient_wrt_Variable_3:0/mean_grad/shape,shape,37079,

gradient_wrt_Variable_5:0/softmax_cross_entropy_with_logits/softmax_cross_entropy_with_logits_v2_grad/expand_dims,expand_dims,37069,

gradient_wrt_Variable_9:0/mean_grad/rank,rank,37009,

gradient_wrt_Variable_7:0/mean_grad/shape_2,shape,36989,

gradient_wrt_Variable_8:0/mean_grad/fill_1,fill,36969,

gradient_wrt_Variable_9:0/mean_grad/fill_1,fill,36949,

gradient_wrt_Variable:0/add_3_grad/add/shape_x,shape,36869,

gradient_wrt_Variable_5:0/add_4_grad/add/shape_y,shape,36859,

gradient_wrt_Variable_8:0/mean_grad/rank,rank,36768,

gradient_wrt_Variable_9:0/fill,fill,36749,

gradient_wrt_Variable_3:0/softmax_cross_entropy_with_logits/softmax_cross_entropy_with_logits_v2_grad/expand_dims,expand_dims,36718,

gradient_wrt_Variable_8:0/relu__3_grad/shape,shape,36699,

gradient_wrt_Variable_7:0/mean_grad/expand_dims,expand_dims,36609,

gradient_wrt_Variable_5:0/relu__3_grad/shape_1,shape,36598,

gradient_wrt_Variable_5:0/mean_grad/fill_1,fill,36559,

gradient_wrt_Variable_2:0/mean_grad/shape,shape,36558,

gradient_wrt_Variable_5:0/mean_grad/rank_1,rank,36548,

gradient_wrt_Variable_8:0/fill,fill,36538,

gradient_wrt_Variable_2:0/mean_grad/rank,rank,36508,

gradient_wrt_Variable_6:0/mean_grad/shape,shape,36468,

gradient_wrt_Variable_3:0/mean_grad/fill_1,fill,36438,

gradient_wrt_Variable_5:0/add_3_grad/add/shape_x,shape,36418,

gradient_wrt_Variable_5:0/mean_grad/expand_dims,expand_dims,36338,

gradient_wrt_Variable_3:0/mean_grad/rank,rank,36228,

gradient_wrt_Variable:0/mean_grad/rank,rank,36167,

gradient_wrt_Variable_6:0/relu__3_grad/shape_1,shape,36067,

gradient_wrt_Variable_8:0/mean_grad/expand_dims,expand_dims,35997,

gradient_wrt_Variable_5:0/mean_grad/shape,shape,35987,

gradient_wrt_Variable_9:0/mean_grad/shape,shape,35977,

gradient_wrt_Variable_9:0/mean_grad/shape_2,shape,35937,

gradient_wrt_Variable_8:0/mean_grad/shape_2,shape,35927,

gradient_wrt_Variable_10:0/softmax_cross_entropy_with_logits/softmax_cross_entropy_with_logits_v2_grad/expand_dims,expand_dims,35917,

gradient_wrt_Variable_8:0/relu__3_grad/shape_1,shape,35897,

gradient_wrt_Variable_9:0/mean_grad/expand_dims,expand_dims,35816,

gradient_wrt_Variable_6:0/mean_grad/fill_1,fill,35586,

gradient_wrt_Variable_6:0/mean_grad/expand_dims,expand_dims,35586,

gradient_wrt_Variable_6:0/mean_grad/shape_2,shape,35527,

gradient_wrt_Variable_2:0/mean_grad/expand_dims,expand_dims,35496,

gradient_wrt_Variable:0/mean_grad/expand_dims,expand_dims,35356,

gradient_wrt_Variable_4:0/mean_grad/rank_1,rank,35195,

gradient_wrt_Variable_4:0/mean_grad/shape_2,shape,35146,

gradient_wrt_Variable:0/mean_grad/rank_2,rank,35146,

gradient_wrt_Variable_3:0/add_3_grad/add/shape_y,shape,34995,

gradient_wrt_Variable_4:0/add_3_grad/add/shape_y,shape,34986,

gradient_wrt_Variable_9:0/mean_grad/rank_2,rank,34915,

gradient_wrt_Variable_10:0/mean_grad/expand_dims,expand_dims,34845,

gradient_wrt_Variable_2:0/mean_grad/rank_2,rank,34644,

gradient_wrt_Variable_5:0/add_2_grad/add/shape_y,shape,34595,

gradient_wrt_Variable_3:0/mean_grad/rank_1,rank,34535,

gradient_wrt_Variable_2:0/mean_grad/shape_2,shape,34444,

gradient_wrt_Variable_8:0/mean_grad/rank_1,rank,34344,

gradient_wrt_Variable_5:0/mean_grad/shape_2,shape,34253,

gradient_wrt_Variable_5:0/mean_grad/rank_2,rank,34134,

gradient_wrt_Variable_3:0/add_2_grad/add/shape_y,shape,34124,

gradient_wrt_Variable_5:0/add_3_grad/add/shape_y,shape,34093,

gradient_wrt_Variable_3:0/mean_grad/rank_2,rank,34084,

gradient_wrt_Variable_2:0/add_4_grad/add/shape_y,shape,34003,

gradient_wrt_Variable_4:0/add_1_grad/add/shape_y,shape,33983,

gradient_wrt_Variable_7:0/mean_grad/rank_1,rank,33973,

gradient_wrt_Variable_6:0/add_2_grad/add/shape_y,shape,33933,

gradient_wrt_Variable_3:0/mean_grad/shape_2,shape,33833,

gradient_wrt_Variable:0/mean_grad/shape_2,shape,33833,

gradient_wrt_Variable_4:0/add_4_grad/add/shape_y,shape,33753,

gradient_wrt_Variable_8:0/mean_grad/rank_2,rank,33663,

gradient_wrt_Variable_8:0/add_3_grad/add/shape_y,shape,33643,

gradient_wrt_Variable_10:0/mean_grad/shape_2,shape,33583,

gradient_wrt_Variable_8:0/add_4_grad/add/shape_y,shape,33523,

gradient_wrt_Variable_6:0/add_4_grad/add/shape_y,shape,33492,

gradient_wrt_Variable_4:0/add_2_grad/add/shape_y,shape,33462,

gradient_wrt_Variable_2:0/add_3_grad/add/shape_y,shape,33282,

gradient_wrt_Variable:0/add_1_grad/add/shape_y,shape,33272,

gradient_wrt_Variable_4:0/mean_grad/rank_2,rank,33242,

gradient_wrt_Variable_6:0/mean_grad/rank_2,rank,33222,

gradient_wrt_Variable:0/mean_grad/prod_1,prod,33061,

gradient_wrt_Variable_10:0/mean_grad/prod_1,prod,33042,

gradient_wrt_Variable:0/add_2_grad/add/shape_y,shape,32981,

gradient_wrt_Variable_4:0/mean_grad/prod_1,prod,32971,

gradient_wrt_Variable:0/mean_grad/rank_1,rank,32912,

gradient_wrt_Variable_9:0/mean_grad/prod_1,prod,32881,

gradient_wrt_Variable_2:0/add_2_grad/add/shape_y,shape,32811,

gradient_wrt_Variable_2:0/add_grad/add/shape_y,shape,32571,

gradient_wrt_Variable:0/add_3_grad/add/shape_y,shape,32500,

gradient_wrt_Variable_3:0/add_1_grad/add/shape_y,shape,32490,

gradient_wrt_Variable_3:0/add_4_grad/add/shape_y,shape,32490,

gradient_wrt_Variable_3:0/mean_grad/prod_1,prod,32320,

gradient_wrt_Variable_7:0/add_3_grad/add/shape_y,shape,32190,

gradient_wrt_Variable_6:0/mean_grad/rank_1,rank,32150,

gradient_wrt_Variable_7:0/add_4_grad/add/shape_y,shape,32019,

gradient_wrt_Variable_6:0/mean_grad/prod_1,prod,31919,

gradient_wrt_Variable_2:0/mean_grad/rank_1,rank,31869,

gradient_wrt_Variable_10:0/add_4_grad/add/shape_y,shape,31829,

gradient_wrt_Variable_7:0/mean_grad/prod_1,prod,31729,

gradient_wrt_Variable_10:0/mean_grad/rank_1,rank,31108,

gradient_wrt_Variable:0/add_4_grad/add/shape_y,shape,30517,

gradient_wrt_Variable:0/shape,shape,24646,

gradient_wrt_Variable_10:0/softmax_cross_entropy_with_logits/softmax_cross_entropy_with_logits_v2_grad/index,index,21761,

gradient_wrt_Variable_3:0/softmax_cross_entropy_with_logits/softmax_cross_entropy_with_logits_v2_grad/index,index,20768,

gradient_wrt_Variable_8:0/softmax_cross_entropy_with_logits/softmax_cross_entropy_with_logits_v2_grad/index,index,20669,

gradient_wrt_Variable_6:0/softmax_cross_entropy_with_logits/softmax_cross_entropy_with_logits_v2_grad/index,index,20578,

gradient_wrt_Variable_7:0/softmax_cross_entropy_with_logits/softmax_cross_entropy_with_logits_v2_grad/index,index,20498,

gradient_wrt_Variable_9:0/softmax_cross_entropy_with_logits/softmax_cross_entropy_with_logits_v2_grad/index,index,20328,

gradient_wrt_Variable_2:0/mul_grad/broadcast_gradient_args,broadcast_gradient_args,20237,

gradient_wrt_Variable_5:0/softmax_cross_entropy_with_logits/softmax_cross_entropy_with_logits_v2_grad/index,index,18895,

gradient_wrt_Variable_7:0/mul_grad/broadcast_gradient_args,broadcast_gradient_args,17863,

gradient_wrt_Variable_4:0/mul_grad/broadcast_gradient_args,broadcast_gradient_args,16540,

gradient_wrt_Variable_5:0/mul_grad/broadcast_gradient_args,broadcast_gradient_args,16331,

gradient_wrt_Variable_9:0/mul_grad/broadcast_gradient_args,broadcast_gradient_args,15860,

gradient_wrt_Variable_3:0/mul_grad/broadcast_gradient_args,broadcast_gradient_args,15369,

gradient_wrt_Variable_8:0/mul_grad/broadcast_gradient_args,broadcast_gradient_args,15118,

gradient_wrt_Variable_10:0/mul_grad/broadcast_gradient_args,broadcast_gradient_args,14517,

gradient_wrt_Variable_7:0/mul_grad/reshape,reshape,11030,

gradient_wrt_Variable:0/mul_grad/reshape,reshape,10570,

gradient_wrt_Variable_8:0/shape,shape,10259,

gradient_wrt_Variable_6:0/shape,shape,10069,

gradient_wrt_Variable_2:0/mul_grad/reshape,reshape,9948,

gradient_wrt_Variable_4:0/mul_grad/reshape,reshape,9908,

gradient_wrt_Variable_3:0/mul_grad/reshape,reshape,9708,

gradient_wrt_Variable_6:0/mul_grad/reshape,reshape,9678,

gradient_wrt_Variable_8:0/mul_grad/reshape,reshape,9668,

gradient_wrt_Variable_9:0/shape,shape,9638,

gradient_wrt_Variable_2:0/shape,shape,9487,

gradient_wrt_Variable_10:0/shape,shape,9438,

gradient_wrt_Variable_9:0/mul_grad/reshape,reshape,9417,

gradient_wrt_Variable_3:0/shape,shape,9328,

gradient_wrt_Variable_9:0/mean_grad/shape_3,shape,9247,

gradient_wrt_Variable_5:0/shape,shape,9167,

gradient_wrt_Variable_4:0/shape,shape,9147,

gradient_wrt_Variable_10:0/mul_grad/reshape,reshape,9127,

gradient_wrt_Variable_7:0/mul_grad/shape,shape,9007,

gradient_wrt_Variable_6:0/mean_grad/shape_3,shape,8987,

gradient_wrt_Variable_8:0/mul_grad/shape,shape,8877,

gradient_wrt_Variable_8:0/mean_grad/shape_3,shape,8767,

gradient_wrt_Variable_3:0/mean_grad/shape_3,shape,8727,

gradient_wrt_Variable_5:0/mul_grad/shape,shape,8646,

gradient_wrt_Variable:0/mean_grad/shape_3,shape,8586,

gradient_wrt_Variable_2:0/mean_grad/shape_3,shape,8556,

gradient_wrt_Variable_4:0/mean_grad/shape_3,shape,8546,

gradient_wrt_Variable_5:0/mean_grad/shape_3,shape,8536,

gradient_wrt_Variable_7:0/mean_grad/shape_3,shape,8525,

gradient_wrt_Variable_6:0/mul_grad/shape,shape,8475,

gradient_wrt_Variable:0/mul_grad/shape,shape,8456,

gradient_wrt_Variable_4:0/mul_grad/shape,shape,8446,

Placeholder_3,placeholder,8435,

gradient_wrt_Variable_10:0/mean_grad/shape_3,shape,8416,

gradient_wrt_Variable_2:0/mul_grad/shape,shape,8266,

gradient_wrt_Variable_9:0/mul_grad/shape,shape,8215,

Adam/Adam/mul/tuple/control_dependency,identity,8206,

gradient_wrt_Variable_3:0/mul_grad/shape,shape,8135,

gradient_wrt_Variable_10:0/mul_grad/shape,shape,8115,

Adam/Adam/assign/tuple/control_dependency,identity,7123,

Adam/Adam/assign_1/tuple/control_dependency,identity,7083,

Adam/Adam/mul_1/tuple/control_dependency,identity,7054,

range,range,6772,

gradient_wrt_Variable_4:0/mean_grad/range_1,range,6632,

gradient_wrt_Variable_2:0/mean_grad/range_1,range,6222,

gradient_wrt_Variable_3:0/mean_grad/range_1,range,6221,

gradient_wrt_Variable_8:0/mean_grad/range_1,range,6132,

gradient_wrt_Variable_5:0/mean_grad/range_1,range,6051,

gradient_wrt_Variable:0/mean_grad/range_1,range,5981,

gradient_wrt_Variable_10:0/mean_grad/range_1,range,5921,

gradient_wrt_Variable_9:0/mean_grad/range_1,range,5871,

gradient_wrt_Variable_6:0/mean_grad/range_1,range,5710,

gradient_wrt_Variable_4:0/mean_grad/range_2,range,5060,

gradient_wrt_Variable_6:0/mean_grad/range_2,range,4949,

gradient_wrt_Variable_7:0/mean_grad/range_2,range,4940,

gradient_wrt_Variable:0/mean_grad/range_2,range,4919,

gradient_wrt_Variable_3:0/mean_grad/range_2,range,4889,

gradient_wrt_Variable_8:0/mean_grad/range_2,range,4839,

gradient_wrt_Variable_5:0/mean_grad/range_2,range,4779,

gradient_wrt_Variable_10:0/mean_grad/range_2,range,4739,

gradient_wrt_Variable_2:0/mean_grad/range_2,range,4719,

gradient_wrt_Variable_9:0/mean_grad/range_2,range,4438,

gradient_wrt_Variable_3:0/mul_grad/sum,sum,3247,

gradient_wrt_Variable_2:0/mul_grad/sum,sum,3196,

gradient_wrt_Variable_7:0/mul_grad/sum,sum,2965,

gradient_wrt_Variable_5:0/mul_grad/sum,sum,2876,

gradient_wrt_Variable_6:0/mul_grad/sum,sum,2845,

gradient_wrt_Variable_4:0/mul_grad/sum,sum,2845,

gradient_wrt_Variable_9:0/mul_grad/sum,sum,2745,

gradient_wrt_Variable_8:0/mul_grad/sum,sum,2715,

gradient_wrt_Variable:0/mul_grad/sum,sum,2365,

Adam/no_op,no_op,2305,

gradient_wrt_Variable_10:0/mul_grad/sum,sum,2275,
